,Name,Region,latitude,longitude
0,Lokava,Akmenės r.,56.37275,22.97975
1,Papilė I,Akmenės r.,56.14969444444444,22.784333333333336
2,Papilė II,Akmenės r.,56.14836111111111,22.79438888888889
3,Alytus,Alytaus m.,54.39661111111111,24.08
4,Aniškis,Alytaus r.,54.40530555555556,23.883111111111113
5,Atesninkai,Alytaus r.,54.356861111111115,23.567805555555555
6,Bambininkai,Alytaus r.,54.42819444444444,23.60363888888889
7,Bazorai,Alytaus r.,54.43547222222222,24.151194444444442
8,Daugai,Alytaus r.,54.38038888888889,24.324805555555557
9,Dirmiškės,Alytaus r.,54.27719444444444,23.93213888888889
10,Einoronys,Alytaus r.,54.44430555555555,24.39097222222222
11,Geruliai,Alytaus r.,54.531305555555555,24.27058333333333
12,Giluičiai,Alytaus r.,54.37166666666667,23.59711111111111
13,Kaukai,Alytaus r.,54.352333333333334,23.78438888888889
14,Krištapiškės,Alytaus r.,54.24047222222222,24.021083333333333
15,Kružiūnai,Alytaus r.,54.47580555555556,24.141583333333333
16,Laukininkai,Alytaus r.,54.27097222222222,24.202666666666666
17,Margarava,Alytaus r.,54.49080555555555,23.990916666666667
18,Nemunaitis,Alytaus r.,54.30569444444444,24.039805555555557
19,Obelija,Alytaus r.,54.29266666666666,23.844444444444445
20,Papėčiai,Alytaus r.,54.31419444444444,23.797
21,Piliakalnis,Alytaus r.,54.26625,24.09761111111111
22,Pivašiūnai,Alytaus r.,54.46080555555556,24.369222222222223
23,Pociūniškės,Alytaus r.,54.28841666666666,24.269305555555555
24,Poteronys,Alytaus r.,54.35863888888889,24.148972222222223
25,Punia,Alytaus r.,54.512055555555555,24.090277777777775
26,Radžiūnai,Alytaus m.,54.37427777777778,24.00525
27,Rumbonys,Alytaus r.,54.472722222222224,24.05188888888889
28,Zaramciškiai,Alytaus r.,54.28783333333333,23.84938888888889
29,Žilvia,Alytaus r.,54.29775,23.95375
30,Bijeikiai,Anykščių r.,55.48858333333333,25.265027777777778
31,Buivydai,Anykščių r.,55.46161111111111,25.317777777777778
32,Buteikiai,Anykščių r.,55.417361111111106,25.098527777777775
33,Jašiškis,Anykščių r.,55.41763888888889,25.36636111111111
34,Jonydžiai,Anykščių r.,55.44163888888889,25.25047222222222
35,Lašiniai,Anykščių r.,55.64969444444444,25.142583333333334
36,Liudiškiai,Anykščių r.,55.50875,25.133499999999998
37,Marijampolis,Anykščių r.,55.46655555555556,24.85761111111111
38,Melėnai,Anykščių r.,55.41372222222222,25.26072222222222
39,Palatavys,Anykščių r.,55.58255555555556,25.011833333333332
40,Papiliai,Anykščių r.,55.68405555555555,24.874555555555556
41,Piliakalnis,Anykščių r.,55.53883333333333,24.71488888888889
42,Piliakalnis,Anykščių r.,55.517694444444444,25.295472222222223
43,Riklikai,Anykščių r.,55.38216666666667,24.901722222222222
44,Rubikiai,Anykščių r.,55.524972222222225,25.285944444444446
45,Svirnai,Anykščių r.,55.370111111111115,24.891472222222223
46,Šeimyniškėliai,Anykščių r.,55.54572222222222,25.138777777777776
47,Šoveniai,Anykščių r.,55.452111111111115,24.878138888888888
48,Trakiniai,Anykščių r.,55.38569444444445,25.132916666666667
49,Varguliai,Anykščių r.,55.33422222222222,25.11552777777778
50,Varniškiai,Anykščių r.,55.58888888888889,25.41472222222222
51,Varnupys,Anykščių r.,55.38880555555556,25.25711111111111
52,Babronys,Birštono sav.,54.58486111111112,24.106083333333334
53,Birštonas,Birštono sav.,54.597,24.03375
54,Nemajūnai,Birštono sav.,54.56661111111111,24.07097222222222
55,Paverkniai,Birštono sav.,54.60688888888889,24.085277777777776
56,Šilėnai,Birštono sav.,54.54861111111111,23.998055555555556
57,Šaltinėnai,Birštono sav.,54.54936111111111,24.112083333333334
58,Klausučiai,Biržų r.,56.17761111111111,24.701722222222223
59,Rinkuškiai,Biržų r.,56.24463888888889,24.73402777777778
60,Žiobos,Biržų r.,56.06383333333333,24.99813888888889
61,Černiauskai,Druskininkų sav.,54.070194444444446,23.867250000000002
62,Balandiškės,Elektrėnų sav.,54.65475,24.54266666666667
63,Balceriškės,Kaišiadorių r.,54.75208333333333,24.490277777777777
64,Beižionys,Elektrėnų sav.,54.674638888888886,24.473
65,Kalniniai Mijaugonys,Elektrėnų sav.,54.79991666666667,24.599527777777777
66,Latviai,Elektrėnų sav.,54.868833333333335,24.803305555555557
67,Paalkiai,Elektrėnų sav.,54.84788888888889,24.857694444444444
68,Pipiriškės,Elektrėnų sav.,54.714305555555555,24.759527777777777
69,Žuvyčiai,Elektrėnų sav.,54.68761111111111,24.60213888888889
70,Ažubalis,Ignalinos r.,55.425333333333334,26.203527777777776
71,Ažušilė,Ignalinos r.,55.34766666666667,26.215916666666665
72,Bajorai,Ignalinos r.,55.46216666666667,26.238805555555558
73,Čeberakai,Ignalinos r.,55.573527777777784,26.50188888888889
74,Dūkšteliai I,Ignalinos r.,55.54494444444444,26.313583333333334
75,Dūkšteliai II,Ignalinos r.,55.54819444444444,26.30986111111111
76,Garbšiai,Ignalinos r.,55.48963888888889,26.11277777777778
77,Ginučiai,Ignalinos r.,55.373694444444446,25.98502777777778
78,Jakaviškiai,Ignalinos r.,55.28397222222222,26.28836111111111
79,Kazlupiškė,Ignalinos r.,55.44394444444444,26.30027777777778
80,Linkmenys,Ignalinos r.,55.343444444444444,25.96758333333333
81,Mažulonys,Ignalinos r.,55.302972222222216,26.235805555555558
82,Mieliatiltis,Ignalinos r.,55.395833333333336,26.3985
83,Papiliakalnė,Ignalinos r.,55.37522222222222,25.983472222222222
84,Papravalė,Ignalinos r.,55.28972222222222,26.12777777777778
85,Pasamanė,Ignalinos r.,55.547333333333334,26.303361111111112
86,Pūškos,Ignalinos r.,55.4705,26.54277777777778
87,Puziniškis,Ignalinos r.,55.361111111111114,26.013972222222222
88,Ruokiškė,Ignalinos r.,55.36786111111111,26.405916666666666
89,Senasis Daugėliškis,Ignalinos r.,55.34127777777778,26.273083333333332
90,Sokiškiai,Ignalinos r.,55.55094444444444,26.301055555555557
91,Strakšiškė,Ignalinos r.,55.29783333333333,26.29013888888889
92,Tolimėnai,Ignalinos r.,55.52019444444444,26.070805555555555
93,Vėlionys,Ignalinos r.,55.30788888888888,26.233694444444446
94,Dubiai,Jonavos r.,55.10619444444445,24.550194444444447
95,Gudžioniai,Jonavos r.,55.0955,24.326555555555554
96,Laukagaliai,Jonavos r.,55.08452777777778,24.303416666666667
97,Mažieji Žinėnai,Jonavos r.,55.01947222222222,24.106944444444444
98,Normainiai,Jonavos r.,55.227833333333336,24.24436111111111
99,Paberžė,Jonavos r.,55.124138888888886,24.32327777777778
0,Padaigai,Jonavos r.,55.05869444444444,24.424694444444444
1,Piliakalniai,Jonavos r.,55.212138888888894,24.482722222222222
2,Rukla,Jonavos r.,55.05619444444444,24.379333333333335
3,Tartokas,Jonavos r.,55.01872222222222,24.44713888888889
4,Žeimiai,Jonavos r.,55.178555555555555,24.21672222222222
5,Kalnelis,Joniškio r.,56.246972222222226,23.555666666666667
6,Žagarė I,Joniškio r.,56.35691666666667,23.24125
7,Žagarė II,Joniškio r.,56.35691666666667,23.230749999999997
8,Antkalnė,Jurbarko r.,55.098222222222226,23.246972222222222
9,Antkalniškiai,Jurbarko r.,55.09063888888889,22.84997222222222
10,Eržvilkas,Jurbarko r.,55.25969444444444,22.69563888888889
11,Jurbarkas,Jurbarko r.,55.086000000000006,22.756444444444444
12,Kalnėnai,Jurbarko r.,55.063916666666664,22.74475
13,Kartupėnai,Jurbarko r.,55.10216666666667,23.00572222222222
14,Meškininkai,Jurbarko r.,55.13111111111111,22.69061111111111
15,Pašiliai,Jurbarko r.,55.14566666666666,23.474666666666664
16,Raudonėnai,Jurbarko r.,55.10261111111111,23.11713888888889
17,Seredžius I,Jurbarko r.,55.08005555555556,23.40636111111111
18,Seredžius II,Jurbarko r.,55.07541666666667,23.41386111111111
19,Skirsnemunė,Jurbarko r.,55.08527777777778,22.902777777777775
20,Veliuona I,Jurbarko r.,55.07741666666667,23.281444444444443
21,Veliuona II,Jurbarko r.,55.07969444444445,23.240916666666667
22,Basonys,Kaišiadorių r.,54.72369444444445,24.30238888888889
23,Bijautonys,Kaišiadorių r.,54.82527777777778,24.326194444444443
24,Budeliai,Kaišiadorių r.,54.93008333333333,24.684194444444444
25,Buivydonys,Kaišiadorių r.,54.747972222222224,24.389722222222222
26,Burčiakai,Kaišiadorių r.,54.76925,24.27486111111111
27,Būtkiemis,Kaišiadorių r.,54.733666666666664,24.28238888888889
28,Dabinta,Kaišiadorių r.,54.794888888888885,24.140527777777777
29,Darsūniškis,Kaišiadorių r.,54.738055555555555,24.118055555555557
30,Dovainonys,Kaišiadorių r.,54.83233333333334,24.22836111111111
31,Lašiniai,Kaišiadorių r.,54.80658333333333,24.257055555555556
32,Maisiejūnai I,Kaišiadorių r.,54.800444444444445,24.26833333333333
33,Maisiejūnai II,Kaišiadorių r.,54.8,24.265805555555556
34,Mančiūnai,Kaišiadorių r.,54.892833333333336,24.584722222222222
35,Migonys,Kaišiadorių r.,54.73236111111111,24.207416666666667
36,Mūro Strėvininkai,Kaišiadorių r.,54.78847222222222,24.51336111111111
37,Palapainė,Kaišiadorių r.,54.715722222222226,24.208861111111112
38,Paparčiai,Kaišiadorių r.,54.903777777777776,24.735944444444446
39,Pridotkai,Kaišiadorių r.,54.763888888888886,24.345027777777776
40,Rokiškės,Kaišiadorių r.,54.700694444444444,24.32436111111111
41,Rumšiškės,Kaišiadorių r.,54.858333333333334,24.197222222222223
42,Varkališkės I,Kaišiadorių r.,54.766555555555556,24.165
43,Varkališkės II,Kaišiadorių r.,54.77016666666667,24.159888888888887
44,Visginai,Kaišiadorių r.,54.781083333333335,24.149833333333333
45,Žasliai,Kaišiadorių r.,54.86127777777778,24.593277777777775
46,Kampiniai,Kalvarijos sav.,54.446999999999996,23.198083333333333
47,Menkupiai,Kalvarijos sav.,54.43263888888889,23.12625
48,Naujienėlė,Kalvarijos sav.,54.47363888888889,23.132555555555555
49,Navininkai,Kalvarijos sav.,54.31272222222222,23.23738888888889
50,Papiliakalniai,Kalvarijos sav.,54.38238888888889,23.096277777777775
51,Žalioji,Kalvarijos sav.,54.306305555555554,23.09713888888889
52,Aukštieji Šančiai,Kauno m.,54.88261111111111,23.955111111111112
53,Eiguliai,Kauno m.,54.916888888888884,23.914916666666667
54,Marvelė,Kauno m.,54.90022222222222,23.833444444444442
55,Pajiesys,Kauno m.,54.861111111111114,23.927972222222223
56,Veršvai,Kauno m.,54.91755555555555,23.838749999999997
57,Vieškūnai,Kauno m.,54.89966666666667,24.050472222222222
58,Altoniškiai,Kauno r.,54.96041666666667,23.600583333333336
59,Bernatoniai,Kauno r.,54.96216666666667,23.791111111111114
60,Butviloniai,Kauno r.,55.097388888888894,23.488222222222223
61,Dubravai,Kauno r.,54.829888888888895,24.11038888888889
62,Guogai,Kauno r.,54.764,24.140555555555554
63,Jadagoniai,Kauno r.,54.99641666666667,23.581888888888887
64,Jaučakiai,Kauno r.,55.03186111111111,23.595555555555553
65,Karmėlava,Kauno r.,54.97402777777778,24.066805555555554
66,Lentainiai,Kauno r.,54.96161111111111,23.94775
67,Lepšiškiai,Kauno r.,54.98752777777778,24.04438888888889
68,Pakalniškiai,Kauno r.,54.85608333333334,24.019055555555553
69,Piepaliai,Kauno r.,55.07391666666667,23.7835
70,Pypliai,Kauno r.,54.92736111111111,23.750555555555554
71,Ringovė,Kauno r.,55.05130555555555,23.52122222222222
72,Samylai,Kauno r.,54.853972222222225,24.1125
73,Šančiai,Kauno r.,54.99163888888889,24.057444444444446
74,Vainatrakis,Kauno r.,54.80316666666666,23.998722222222224
75,Vikūnai,Kauno r.,55.156388888888884,23.806944444444444
76,Virbališkiai,Kauno r.,54.913777777777774,23.722583333333333
77,Žiegždriai,Kauno r.,54.891666666666666,24.0825
78,Griešiai,Kazlų Rūdos sav.,54.72452777777778,23.41633333333333
79,Ambraziūnai,Kėdainių r.,55.35388888888889,23.659888888888887
80,Bakainiai,Kėdainių r.,55.46627777777778,24.028027777777776
81,Kalnaberžė,Kėdainių r.,55.396277777777776,24.02058333333333
82,Naujaupis,Kėdainių r.,55.486805555555556,23.797
83,Pilsupiai,Kėdainių r.,55.31008333333333,23.683083333333336
84,Plinkaigalis,Kėdainių r.,55.41491666666666,23.646361111111112
85,Sangailai,Kėdainių r.,55.30208333333333,24.259027777777778
86,Stašaičiai,Kėdainių r.,55.25988888888889,24.16825
87,Šukioniai,Kėdainių r.,55.41127777777778,24.287194444444445
88,Vaidatoniai,Kėdainių r.,55.37127777777778,23.97422222222222
89,Vosbučiai,Kėdainių r.,55.36077777777778,23.647583333333333
90,Bulavėnai,Kelmės r.,55.56191666666666,23.082805555555556
91,Burbaičiai,Kelmės r.,55.664249999999996,23.03761111111111
92,Gabriejolė,Kelmės r.,55.814055555555555,22.949166666666667
93,Galiniai,Kelmės r.,55.625861111111114,22.73813888888889
94,Gaučiškė,Kelmės r.,55.550777777777775,22.97386111111111
95,Gudeliai,Kelmės r.,55.49938888888889,22.650222222222222
96,Kalniškiai,Kelmės r.,55.842666666666666,22.858611111111113
97,Kalniškiai,Kelmės r.,55.67358333333333,22.732444444444443
98,Kubiliai,Kelmės r.,55.614361111111116,23.085388888888886
0,Pagryžuvis,Kelmės r.,55.60375,23.132833333333334
1,Papilalis,Kelmės r.,55.66441666666667,22.709722222222222
2,Papiliai,Kelmės r.,55.57811111111111,22.730361111111108
3,Paspąstis,Kelmės r.,55.678916666666666,22.53713888888889
4,Piltinė,Kelmės r.,55.671416666666666,22.589055555555554
5,Plūsčios,Kelmės r.,55.556749999999994,22.697805555555554
6,Puikiškė,Kelmės r.,55.74005555555556,22.975694444444443
7,Šeduviškė,Kelmės r.,55.580444444444446,23.028972222222222
8,Šilgalis,Kelmės r.,55.589194444444445,22.58675
9,Tytuvėnai,Kelmės r.,55.594,23.215999999999998
10,Vaidatoniai,Kelmės r.,55.49194444444444,22.561694444444445
11,Vainagiai,Kelmės r.,55.80169444444444,22.99436111111111
12,Antkalnis,Klaipėdos r.,55.77436111111111,21.418861111111113
13,Dovilai,Klaipėdos r.,55.66325,21.337805555555555
14,Eketė,Klaipėdos r.,55.792,21.18
15,Gargždai,Klaipėdos r.,55.71125,21.416194444444443
16,Gerduvėnai,Klaipėdos r.,55.73638888888889,21.442305555555556
17,Jakai,Klaipėdos r.,55.71602777777778,21.231305555555554
18,Laistai,Klaipėdos r.,55.645944444444446,21.21763888888889
19,Maciuičiai,Klaipėdos r.,55.704638888888894,21.41283333333333
20,Mockaičiai,Klaipėdos r.,55.59963888888889,21.53463888888889
21,Norgėlai,Klaipėdos r.,55.62847222222222,21.73413888888889
22,Skomantai,Klaipėdos r.,55.56052777777777,21.519333333333332
23,Veiviržėnai,Klaipėdos r.,55.599694444444445,21.603972222222225
24,Vyskupiškiai,Klaipėdos r.,55.59316666666667,21.56597222222222
25,Žvaginiai,Klaipėdos r.,55.74194444444444,21.68863888888889
26,Anduliai,Kretingos r.,55.849694444444445,21.22861111111111
27,Auksūdys,Kretingos r.,56.061527777777776,21.304194444444445
28,Dauginčiai,Kretingos r.,55.94661111111111,21.531499999999998
29,Gaudučiai,Kretingos r.,55.91547222222222,21.533722222222224
30,Gintarai,Kretingos r.,55.930388888888885,21.492833333333333
31,Imbarė,Kretingos r.,56.02616666666667,21.55588888888889
32,Įpiltis,Kretingos r.,56.12313888888889,21.24663888888889
33,Kačaičiai,Kretingos r.,55.857416666666666,21.411555555555555
34,Kartena,Kretingos r.,55.91027777777778,21.475666666666665
35,Kurmaičiai,Kretingos r.,55.93888888888888,21.26463888888889
36,Laiviai,Kretingos r.,56.07972222222222,21.600083333333334
37,Martynaičiai,Kretingos r.,55.941111111111105,21.494777777777777
38,Mišučiai,Kretingos r.,55.88205555555555,21.412388888888888
39,Negarba,Kretingos r.,55.950694444444444,21.208972222222222
40,Rūdaičiai,Kretingos r.,55.93633333333333,21.16952777777778
41,Sauseriai,Kretingos r.,55.952000000000005,21.532777777777778
42,Senoji Įpiltis I,Kretingos r.,56.13538888888889,21.23702777777778
43,Senoji Įpiltis II,Kretingos r.,56.126083333333334,21.249277777777777
44,Valėnai,Kretingos r.,55.844972222222225,21.222694444444443
45,Vėlaičiai,Kretingos r.,55.91427777777778,21.52236111111111
46,Aluotos,Kupiškio r.,55.70783333333333,25.284916666666668
47,Aukštupėnai,Kupiškio r.,55.847722222222224,24.97561111111111
48,Bakšėnai,Kupiškio r.,55.92802777777778,24.913249999999998
49,Bugailiškiai,Kupiškio r.,55.75344444444445,25.251472222222223
50,Gaigaliai,Kupiškio r.,55.77097222222222,25.072916666666668
51,Kereliai,Kupiškio r.,55.83947222222223,25.16611111111111
52,Likalaukiai,Kupiškio r.,55.901583333333335,24.85902777777778
53,Obonys,Kupiškio r.,55.79013888888889,25.263527777777778
54,Papiliai,Kupiškio r.,55.79102777777778,25.083694444444443
55,Stirniškis,Kupiškio r.,55.78102777777778,24.816
56,Vaduvos,Kupiškio r.,55.84591666666667,24.27811111111111
57,Buniškiai,Lazdijų r.,54.23488888888889,23.43305555555556
58,Buteliūnai,Lazdijų r.,54.19247222222222,23.68616666666667
59,Druskininkėliai,Lazdijų r.,54.08466666666667,23.8375
60,Elveriškė,Lazdijų r.,54.295027777777776,23.428361111111112
61,Ežerėliai,Lazdijų r.,54.22408333333333,23.628666666666668
62,Giraitė,Lazdijų r.,54.27333333333333,23.598805555555554
63,Krikštonys,Lazdijų r.,54.230916666666666,23.933305555555556
64,Kukliai,Lazdijų r.,54.20911111111111,23.567027777777778
65,Maišymai,Lazdijų r.,54.308416666666666,23.4535
66,Mėčiūnai,Lazdijų r.,54.07794444444445,23.700694444444444
67,Mikyčiai,Lazdijų r.,54.20680555555556,23.62138888888889
68,Paliūnai,Lazdijų r.,54.20502777777778,23.736083333333333
69,Papalazdijai,Lazdijų r.,54.20927777777778,23.506222222222224
70,Paserninkai,Lazdijų r.,54.20241666666667,23.791861111111114
71,Paveisininkai,Lazdijų r.,54.07505555555556,23.607166666666668
72,Prelomčiškė,Lazdijų r.,54.3125,23.65513888888889
73,Rudamina,Lazdijų r.,54.282333333333334,23.441416666666665
74,Šlavantai,Lazdijų r.,54.15863888888889,23.649555555555555
75,Ūdininkai,Lazdijų r.,54.20275,23.422250000000002
76,Vainiūnai,Lazdijų r.,54.16833333333333,23.853333333333335
77,Verstaminai I,Lazdijų r.,54.282777777777774,23.57472222222222
78,Verstaminai II,Lazdijų r.,54.282444444444444,23.56888888888889
79,Verstaminai III,Lazdijų r.,54.285222222222224,23.564416666666666
80,Verstaminai IV,Lazdijų r.,54.28458333333333,23.594638888888888
81,Būriškiai,Marijampolės r.,54.42611111111111,23.40861111111111
82,Kumelionys,Marijampolės r.,54.522,23.331527777777776
83,Lakinskai,Marijampolės r.,54.42402777777777,23.31486111111111
84,Liudvinavas,Marijampolės r.,54.47419444444444,23.34622222222222
85,Meškučiai,Marijampolės r.,54.54708333333333,23.332305555555557
86,Padovinys,Marijampolės r.,54.50952777777778,23.44377777777778
87,Piliakalniai,Marijampolės r.,54.667833333333334,23.348027777777776
88,Riečiai,Marijampolės r.,54.476416666666665,23.682055555555557
89,Šakališkiai,Marijampolės r.,54.55397222222222,23.689
90,Tarašiškiai,Marijampolės r.,54.479416666666665,23.39886111111111
91,Varnupiai,Marijampolės r.,54.48997222222222,23.534472222222224
92,Dapšiai,Mažeikių r.,56.34847222222223,22.15158333333333
93,Daubariai,Mažeikių r.,56.289,22.303416666666667
94,Gyvoliai,Mažeikių r.,56.211666666666666,22.558083333333332
95,Griežė I,Mažeikių r.,56.415388888888884,22.201944444444443
96,Griežė II,Mažeikių r.,56.410805555555555,22.216083333333334
97,Jautakiai,Mažeikių r.,56.31183333333333,22.25852777777778
98,Leckava,Mažeikių r.,56.39944444444444,22.242194444444447
99,Renavas,Mažeikių r.,56.23297222222222,22.07552777777778
0,Rimoliai,Mažeikių r.,56.18588888888888,22.07175
1,Ritinė,Mažeikių r.,56.39619444444445,22.048638888888892
2,Seda,Mažeikių r.,56.17183333333333,22.080416666666668
3,Vadagiai,Mažeikių r.,56.268972222222224,22.075916666666668
4,Alanta,Molėtų r.,55.33405555555556,25.289055555555557
5,Ambraziškiai,Molėtų r.,55.143277777777776,25.269444444444442
6,Antakščiai I,Molėtų r.,55.36913888888889,25.290194444444445
7,Antakščiai II,Molėtų r.,55.38386111111111,25.306055555555556
8,Antaraisčiai,Molėtų r.,55.352583333333335,25.645694444444445
9,Avilčiai,Molėtų r.,55.29205555555556,25.340694444444445
10,Bendžiukai,Molėtų r.,55.09030555555556,25.58486111111111
11,Čiulėnai,Molėtų r.,55.29152777777777,25.516416666666668
12,Didžiokai,Molėtų r.,55.12675,25.369666666666667
13,Gaigalai,Molėtų r.,55.29991666666667,25.320083333333333
14,Janonys,Molėtų r.,55.39705555555555,25.19361111111111
15,Jasiuliškiai,Molėtų r.,55.11533333333333,25.307944444444445
16,Jonėnai,Molėtų r.,55.04208333333333,25.505916666666668
17,Kamasta,Molėtų r.,55.136694444444444,25.31625
18,Kampai,Molėtų r.,55.254083333333334,25.422055555555556
19,Karališkės,Molėtų r.,55.34022222222222,25.402388888888886
20,Kertuoja,Molėtų r.,55.180277777777775,25.63836111111111
21,Klabiniai,Molėtų r.,55.36358333333334,25.194666666666667
22,Kulionys,Molėtų r.,55.31716666666667,25.551000000000002
23,Liesėnai,Molėtų r.,55.2105,25.307972222222222
24,Maišiakulė,Molėtų r.,55.368805555555554,25.300694444444446
25,Malkėstas,Molėtų r.,55.254,25.498
26,Pakryžė,Molėtų r.,55.33122222222222,25.316277777777778
27,Paraudinė,Molėtų r.,55.35147222222222,25.198583333333335
28,Pavandenė,Molėtų r.,55.08716666666667,25.72
29,Pazadvorija,Molėtų r.,55.154583333333335,25.34847222222222
30,Peleniai,Molėtų r.,55.37419444444444,25.630833333333335
31,Perkaliai,Molėtų r.,55.32022222222223,25.1545
32,Piliakalnis,Molėtų r.,55.375166666666665,25.266416666666668
33,Piliakiemiai,Molėtų r.,55.07830555555556,25.288194444444446
34,Runionys,Molėtų r.,55.37211111111111,25.345805555555554
35,Sližiškiai,Molėtų r.,55.29058333333333,25.45422222222222
36,Suginčiai,Molėtų r.,55.34597222222222,25.5135
37,Svobiškėlis,Molėtų r.,55.34491666666667,25.385416666666668
38,Vališkiai,Molėtų r.,55.289944444444444,25.15711111111111
39,Vorėnai,Molėtų r.,55.35738888888889,25.609694444444447
40,Želvos,Molėtų r.,55.32127777777778,25.549833333333336
41,Birštoniškiai,Pagėgių sav.,55.11958333333333,21.933694444444445
42,Kreivėnai,Pagėgių sav.,55.195166666666665,22.026805555555555
43,Opstainiai I,Pagėgių sav.,55.10008333333334,22.125194444444446
44,Opstainiai II,Pagėgių sav.,55.08627777777778,22.125972222222224
45,Rambynas,Pagėgių sav.,55.086111111111116,22.020833333333332
46,Šereiklaukis I,Pagėgių sav.,55.04197222222222,22.11863888888889
47,Šereiklaukis II,Pagėgių sav.,55.052388888888885,22.114888888888892
48,Vartūliškiai,Pagėgių sav.,55.14727777777778,22.09411111111111
49,Peleniškiai,Pakruojo r.,56.15072222222222,23.85663888888889
50,Tričiai,Pakruojo r.,56.10794444444445,24.02322222222222
51,Baimainiai,Panevėžio r.,55.57266666666667,23.90361111111111
52,Papušiai,Panevėžio r.,55.71344444444445,24.212805555555555
53,Upytė,Panevėžio r.,55.65561111111111,24.227166666666665
54,Ąžuolpamūšė,Pasvalio r.,56.12338888888889,24.459777777777777
55,Šimoniai,Pasvalio r.,56.055138888888884,24.316861111111113
56,Alsėdžiai,Plungės r.,56.033027777777775,22.04266666666667
57,Gandinga,Plungės r.,55.886916666666664,21.771666666666665
58,Gegrėnai,Plungės r.,56.08927777777778,21.934055555555556
59,Gelindėnai,Plungės r.,55.95916666666667,22.00775
60,Gintališkė,Plungės r.,56.05133333333333,21.703194444444442
61,Girkantai,Plungės r.,56.090833333333336,21.968277777777775
62,Grigaičiai,Plungės r.,55.99036111111111,21.84286111111111
63,Lekemė,Plungės r.,55.84802777777778,21.844194444444444
64,Lieplaukalė,Plungės r.,55.934305555555554,21.820777777777778
65,Nausodis,Plungės r.,55.94416666666666,21.77175
66,Nugariai,Plungės r.,55.93725,21.900555555555552
67,Pakutuvėnai,Plungės r.,55.913888888888884,21.682166666666667
68,Pūčkoriai I,Plungės r.,56.09419444444445,21.906166666666664
69,Pūčkoriai II,Plungės r.,56.101416666666665,21.88261111111111
70,Rotinėnai,Plungės r.,56.0705,22.03425
71,Stalgėnai,Plungės r.,55.82897222222223,21.870361111111112
72,Staneliai,Plungės r.,55.946666666666665,21.94611111111111
73,Stirbaičiai,Plungės r.,56.01694444444444,21.77472222222222
74,Surbliai,Plungės r.,55.969611111111114,21.81961111111111
75,Šarnelė,Plungės r.,56.13052777777778,21.956333333333333
76,Užpelkiai,Plungės r.,56.07130555555556,21.823555555555554
77,Varkaliai,Plungės r.,55.887388888888886,21.777555555555555
78,Vieštovėnai,Plungės r.,55.87544444444445,21.742416666666667
79,Žemaičių Kalvarija,Plungės r.,56.10622222222222,22.011222222222223
80,Žerniai,Plungės r.,56.06558333333333,21.97647222222222
81,Bačkininkėliai,Prienų r.,54.74319444444445,24.107833333333335
82,Geruliai,Prienų r.,54.54625,24.290222222222223
83,Kieliškas,Prienų r.,54.4795,23.886944444444445
84,Klebiškis,Prienų r.,54.67055555555555,23.83533333333333
85,Lepelionys,Prienų r.,54.57469444444445,24.383333333333333
86,Mačiūnai,Prienų r.,54.65172222222222,23.948083333333333
87,Medžionys,Prienų r.,54.66686111111111,24.344555555555555
88,Naravai,Prienų r.,54.59066666666667,23.98702777777778
89,Naujasodis,Prienų r.,54.66122222222222,23.757916666666667
90,Noreikiškės I,Prienų r.,54.63772222222222,24.34322222222222
91,Norkūnai I,Prienų r.,54.500055555555555,23.946722222222224
92,Norkūnai II,Prienų r.,54.500055555555555,23.946722222222224
93,Pačiudiškiai,Prienų r.,54.683388888888885,23.901638888888886
94,Pagaršvys,Prienų r.,54.66566666666667,24.029999999999998
95,Pašlavantys,Prienų r.,54.623805555555556,23.745722222222224
96,Pašventupys I,Prienų r.,54.701750000000004,24.06725
97,Pašventupys II,Prienų r.,54.70355555555556,24.073416666666667
98,Paukščiai,Prienų r.,54.65972222222222,24.223611111111108
99,Pelekonys I,Prienų r.,54.65552777777778,24.12102777777778
0,Pelekonys II,Prienų r.,54.65613888888889,24.137444444444444
1,Pelekonys III,Prienų r.,54.669888888888885,24.140277777777776
2,Pelekonys IV,Prienų r.,54.674861111111106,24.132527777777778
3,Pieštuvėnai,Prienų r.,54.63161111111111,24.324555555555555
4,Prienlaukys,Prienų r.,54.653749999999995,23.862972222222222
5,Sabalėnai,Prienų r.,54.72677777777778,23.999555555555556
6,Stakliškės I,Prienų r.,54.59097222222223,24.345194444444445
7,Stakliškės II,Prienų r.,54.58572222222222,24.35602777777778
8,Vilkininkai,Prienų r.,54.57427777777778,24.407833333333333
9,Virkininkai,Prienų r.,54.67666666666666,24.329166666666666
10,Žarijos I,Prienų r.,54.646027777777775,24.007055555555556
11,Žarijos II,Prienų r.,54.644666666666666,24.012138888888888
12,Diauderiai,Radviliškio r.,55.627361111111114,23.69113888888889
13,Kudinai,Radviliškio r.,55.647166666666664,23.408555555555555
14,Pakalniškiai,Radviliškio r.,55.77352777777778,23.854472222222224
15,Raginėnai,Radviliškio r.,55.79297222222222,23.86491666666667
16,Ramulėnai,Radviliškio r.,55.881861111111114,23.525055555555554
17,Vaitiekūnai,Radviliškio r.,55.50855555555555,23.640916666666666
18,Velžiai,Radviliškio r.,55.780138888888885,23.651638888888886
19,Bažavalė,Raseinių r.,55.26555555555556,23.447083333333335
20,Betygala I,Raseinių r.,55.35113888888889,23.37161111111111
21,Betygala II,Raseinių r.,55.34997222222223,23.376055555555556
22,Darbutai I,Raseinių r.,55.300888888888885,23.436444444444444
23,Darbutai II,Raseinių r.,55.30333333333333,23.432666666666666
24,Daugėliškiai,Raseinių r.,55.23438888888889,23.54913888888889
25,Gabrieliškės,Raseinių r.,55.294666666666664,23.192583333333335
26,Galkaičiai,Raseinių r.,55.39219444444444,22.96325
27,Gėluva,Raseinių r.,55.248444444444445,23.506555555555554
28,Ginaičiai,Raseinių r.,55.29794444444444,23.40436111111111
29,Ižiniškiai,Raseinių r.,55.40683333333333,22.81475
30,Kalnujai,Raseinių r.,55.335750000000004,23.08375
31,Kejėnai,Raseinių r.,55.30683333333333,23.324083333333334
32,Lyduvėnai I,Raseinių r.,55.50208333333333,23.084999999999997
33,Lyduvėnai II,Raseinių r.,55.50066666666667,23.080777777777776
34,Lyduvėnai III,Raseinių r.,55.50461111111111,23.098305555555555
35,Molavėnai I,Raseinių r.,55.447916666666664,22.868694444444444
36,Molavėnai II,Raseinių r.,55.45041666666667,22.87472222222222
37,Pabalčiai,Raseinių r.,55.47363888888889,22.7395
38,Padubysys,Raseinių r.,55.39908333333333,23.24188888888889
39,Pužai,Raseinių r.,55.44763888888888,22.790444444444447
40,Raseiniai,Raseinių r.,55.365722222222225,23.140444444444444
41,Ročiškė,Raseinių r.,55.309666666666665,23.382916666666667
42,Šiauleliai,Raseinių r.,55.51036111111111,23.228777777777776
43,Zvėgiai,Raseinių r.,55.44616666666666,23.42088888888889
44,Lopaičiai,Rietavo sav.,55.74477777777778,22.18691666666667
45,Pauškės,Rietavo sav.,55.73252777777778,21.813694444444444
46,Skaborai,Rietavo sav.,55.69275,22.134027777777778
47,Skroblis,Rietavo sav.,55.74466666666667,21.880666666666666
48,Šiuraičiai I,Rietavo sav.,55.68658333333333,22.194388888888888
49,Šiuraičiai II,Rietavo sav.,55.687638888888884,22.189
50,Alksniai,Rokiškio r.,56.15208333333333,25.543694444444448
51,Alseta,Rokiškio r.,55.88041666666667,25.507305555555554
52,Baušiškiai,Rokiškio r.,55.846250000000005,25.59922222222222
53,Bradesiai,Rokiškio r.,55.83675,25.85327777777778
54,Bryzgiai,Rokiškio r.,56.103722222222224,25.546611111111112
55,Dauliūnai,Rokiškio r.,55.757694444444446,25.61127777777778
56,Gudiškės,Rokiškio r.,56.11991666666667,25.447416666666665
57,Junkūnai,Rokiškio r.,55.92211111111111,25.88711111111111
58,Juodonys,Rokiškio r.,55.74088888888889,25.440166666666666
59,Kalnočiai,Rokiškio r.,55.89966666666667,25.850527777777778
60,Lukštai,Rokiškio r.,56.02275,25.729138888888887
61,Martiniškėnai,Rokiškio r.,55.95130555555556,25.423055555555557
62,Mielėnai,Rokiškio r.,55.87336111111111,25.860611111111112
63,Moškėnai,Rokiškio r.,55.968250000000005,25.439
64,Papiliai,Rokiškio r.,55.921,25.75797222222222
65,Petrešiūnai,Rokiškio r.,55.84216666666667,25.714416666666665
66,Radžionys,Rokiškio r.,55.77775,25.56986111111111
67,Rudžiai,Rokiškio r.,55.83797222222223,25.503305555555556
68,Sidabrinė,Rokiškio r.,56.114805555555556,25.552972222222223
69,Stasiūnai,Rokiškio r.,55.931444444444445,25.840249999999997
70,Užubaliai,Rokiškio r.,56.14486111111111,25.50486111111111
71,Apuolė,Skuodo r.,56.2465,21.677944444444446
72,Ersla,Skuodo r.,56.20888888888889,21.660944444444443
73,Girdeniai,Skuodo r.,56.31491666666666,21.855861111111114
74,Jedžiotai,Skuodo r.,56.24788888888889,21.742583333333336
75,Kalviai,Skuodo r.,56.19333333333333,21.358722222222223
76,Kivyliai,Skuodo r.,56.30877777777778,21.723444444444443
77,Kubiliškė,Skuodo r.,56.24202777777778,21.507444444444445
78,Mikytai,Skuodo r.,56.12983333333333,21.806083333333333
79,Mosėdis,Skuodo r.,56.163666666666664,21.576194444444443
80,Puodkaliai,Skuodo r.,56.22891666666667,21.524833333333333
81,Šakaliai,Skuodo r.,56.18277777777777,21.500611111111112
82,Užluobė,Skuodo r.,56.256055555555555,21.61986111111111
83,Veiteliai,Skuodo r.,56.30775,21.74811111111111
84,Burgaičiai,Šakių r.,55.05036111111111,22.63458333333333
85,Dulinčiškiai,Šakių r.,55.062,23.31736111111111
86,Grinaičiai,Šakių r.,55.04761111111111,22.6465
87,Joginiškiai,Šakių r.,55.053638888888884,23.39902777777778
88,Klepai,Šakių r.,54.87577777777778,22.93588888888889
89,Kukarskė,Šakių r.,55.059805555555556,22.75213888888889
90,Maštaičiai,Šakių r.,55.078611111111115,22.912305555555555
91,Mikytai,Šakių r.,55.02133333333333,23.570194444444443
92,Misiūnai,Šakių r.,55.058138888888884,23.295222222222225
93,Plokščiai,Šakių r.,55.075138888888894,23.184944444444444
94,Stulgiai,Šakių r.,55.088,23.11963888888889
95,Šėtijai,Šakių r.,55.00216666666667,23.579833333333333
96,Šilvienai,Šakių r.,55.06047222222222,23.24838888888889
97,Turčinai,Šakių r.,54.85777777777778,22.86191666666667
98,Viltrakiai,Šakių r.,54.74433333333334,23.123194444444444
99,Žemoji Panemunė,Šakių r.,55.052749999999996,23.458583333333333
0,Žuklijai,Šakių r.,55.06258333333333,23.35588888888889
1,Bėčionys,Šalčininkų r.,54.22013888888889,25.599305555555553
2,Eišiškės,Šalčininkų r.,54.17561111111111,25.01911111111111
3,Kiaulėkai,Šalčininkų r.,54.32311111111112,24.930777777777777
4,Kurmelionys,Šalčininkų r.,54.371944444444445,25.56372222222222
5,Paūdronys,Šalčininkų r.,54.4285,25.62425
6,Sangėliškės,Šalčininkų r.,54.377833333333335,25.44763888888889
7,Tetervinai,Šalčininkų r.,54.312416666666664,25.06825
8,Turgeliai,Šalčininkų r.,54.44647222222222,25.505305555555555
9,Valakavičiai,Šalčininkų r.,54.32030555555556,24.928361111111112
10,Bubiai,Šiaulių r.,55.862027777777776,23.1295
11,Jurgaičiai,Šiaulių r.,56.01536111111111,23.41675
12,Kurtuvėnai,Šiaulių r.,55.82655555555556,23.0435
13,Luponiai,Šiaulių r.,56.00647222222222,23.191583333333334
14,Normančiai,Šiaulių r.,55.79255555555555,23.284722222222225
15,Pilkalnis,Šiaulių r.,56.070750000000004,23.018027777777778
16,Rekčiai,Šiaulių r.,56.07741666666667,22.853694444444447
17,Romučiai,Šiaulių r.,56.04933333333333,22.893527777777777
18,Sauginiai,Šiaulių r.,55.89677777777778,23.114555555555558
19,Šilėnai,Šiaulių r.,56.01788888888889,22.888777777777776
20,Žuvininkai,Šiaulių m.,55.92961111111111,23.359083333333334
21,Bilionys,Šilalės r.,55.59697222222223,22.321444444444445
22,Biržų Laukas,Šilalės r.,55.46586111111112,22.245916666666666
23,Burbiškiai,Šilalės r.,55.65211111111111,22.279555555555554
24,Dapkiškė,Šilalės r.,55.421194444444446,22.017666666666667
25,Dungeriukai,Šilalės r.,55.50336111111111,22.39313888888889
26,Gardiškė,Šilalės r.,55.62927777777778,22.464194444444445
27,Gedminiškė,Šilalės r.,55.56341666666666,22.404444444444444
28,Gegužės,Šilalės r.,55.47119444444445,22.46988888888889
29,Indija,Šilalės r.,55.44638888888888,22.232444444444443
30,Kalvaliai,Šilalės r.,55.474472222222225,22.45011111111111
31,Kazokai,Šilalės r.,55.50961111111111,22.326138888888888
32,Kreiviai,Šilalės r.,55.41072222222222,22.246972222222222
33,Kunigiškiai,Šilalės r.,55.456361111111114,22.03136111111111
34,Medvėgalis,Šilalės r.,55.62775,22.39247222222222
35,Padievaitis,Šilalės r.,55.53808333333333,21.996277777777777
36,Padievytis,Šilalės r.,55.575833333333335,22.247
37,Pagrybis,Šilalės r.,55.540388888888884,22.452444444444442
38,Pakisys,Šilalės r.,55.45213888888889,22.019222222222222
39,Pavėžis,Šilalės r.,55.53369444444444,22.03247222222222
40,Pilės,Šilalės r.,55.56691666666667,22.43363888888889
41,Prienai,Šilalės r.,55.50211111111111,22.438916666666668
42,Rubaičiai,Šilalės r.,55.54933333333333,22.188472222222224
43,Rubinavas,Šilalės r.,55.48152777777778,22.137138888888888
44,Simėnai,Šilalės r.,55.44758333333333,22.599083333333333
45,Treigiai,Šilalės r.,55.60669444444444,22.199166666666667
46,Vaičiai,Šilalės r.,55.46875,22.26463888888889
47,Vedriai,Šilalės r.,55.51027777777778,22.359250000000003
48,Vilkų Laukas I,Šilalės r.,55.38838888888889,22.059722222222224
49,Vilkų Laukas II,Šilalės r.,55.39241666666667,22.060972222222222
50,Akmeniškiai,Šilutės r.,55.32038888888889,21.85
51,Eidaičiai,Šilutės r.,55.422333333333334,21.548333333333336
52,Gedikai,Šilutės r.,55.48897222222222,21.710083333333333
53,Jomantai,Šilutės r.,55.498444444444445,21.555416666666666
54,Juodžiai,Šilutės r.,55.33786111111112,21.767083333333332
55,Lazduonėnai,Šilutės r.,55.32563888888889,21.867527777777777
56,Lekiai,Šilutės r.,55.56538888888888,21.590999999999998
57,Paulaičiai,Šilutės r.,55.48133333333333,21.600333333333335
58,Pavilnutis,Šilutės r.,55.50852777777778,21.60038888888889
59,Sakūtėliai,Šilutės r.,55.50388888888889,21.413888888888888
60,Stankaičiai,Šilutės r.,55.53066666666667,21.463666666666665
61,Šiūpariai,Šilutės r.,55.563694444444444,21.619611111111112
62,Uoksai,Šilutės r.,55.52475,21.52511111111111
63,Vanagiai,Šilutės r.,55.36127777777778,21.70813888888889
64,Venckai,Šilutės r.,55.35747222222222,21.662444444444443
65,Žakainiai,Šilutės r.,55.442166666666665,21.68230555555556
66,Dainiai,Širvintų r.,55.037277777777774,24.8465
67,Janionys,Širvintų r.,54.96113888888889,24.69563888888889
68,Kernavė I,Širvintų r.,54.882111111111115,24.851222222222223
69,Kriveikiškis,Širvintų r.,54.87822222222222,24.858027777777778
70,Kiaukliai,Širvintų r.,55.13283333333333,25.067722222222223
71,Laužiškis,Širvintų r.,55.06319444444444,25.117611111111113
72,Mančiušėnai,Širvintų r.,55.07027777777778,24.632694444444446
73,Maskoliškiai,Širvintų r.,55.03538888888889,24.65972222222222
74,Pasodninkai,Širvintų r.,55.01461111111111,24.712833333333332
75,Raudonka,Širvintų r.,55.044694444444445,24.67163888888889
76,Sadūniškės,Širvintų r.,54.963750000000005,25.01811111111111
77,Totoriškis,Širvintų r.,55.11055555555556,24.73927777777778
78,Abejučiai,Švenčionių r.,54.98341666666667,25.643833333333333
79,Adutiškis,Švenčionių r.,55.15763888888889,26.589916666666664
80,Akvieriškė,Švenčionių r.,55.05294444444444,26.17575
81,Aučynos,Švenčionių r.,55.202111111111115,26.227083333333333
82,Baliuliai,Švenčionių r.,54.97694444444445,25.920305555555558
83,Baluoša,Švenčionių r.,55.04841666666667,25.53752777777778
84,Bogutiškė,Švenčionių r.,55.100833333333334,26.011777777777777
85,Budriai,Švenčionių r.,55.219861111111115,25.78977777777778
86,Cirkliškis,Švenčionių r.,55.118944444444445,26.14811111111111
87,Daukšiai,Švenčionių r.,55.19233333333333,26.141972222222222
88,Jaciūnai,Švenčionių r.,55.12544444444445,26.259444444444444
89,Kačėniškė,Švenčionių r.,55.22072222222222,26.262138888888888
90,Kavalčiukai,Švenčionių r.,55.079861111111114,26.192555555555554
91,Mikštai,Švenčionių r.,55.12577777777778,26.28988888888889
92,Nevieriškė,Švenčionių r.,55.16616666666666,26.139944444444446
93,Noselėnai,Švenčionių r.,54.90797222222222,25.71983333333333
94,Paduobė,Švenčionių r.,55.13236111111111,25.97036111111111
95,Prienai,Švenčionių r.,54.860055555555554,25.786722222222224
96,Ragaučina,Švenčionių r.,55.15586111111111,26.104722222222225
97,Rakšteliai,Švenčionių r.,55.23683333333334,26.19911111111111
98,Reškutėnai,Švenčionių r.,55.25161111111111,26.106833333333334
0,Rusališkė,Švenčionių r.,55.20327777777778,26.15083333333333
1,Stajėtiškis,Švenčionių r.,55.179944444444445,26.53477777777778
2,Stūgliai,Švenčionių r.,55.18844444444444,26.22147222222222
3,Žąsinai,Švenčionių r.,55.122277777777775,26.26
4,Aukštupiai,Tauragės r.,55.27936111111111,22.09594444444444
5,Batakiai,Tauragės r.,55.347750000000005,22.51825
6,Dapkiškiai,Tauragės r.,55.272166666666664,22.240472222222223
7,Gilandžiai,Tauragės r.,55.16791666666666,22.130472222222224
8,Greižėnai,Tauragės r.,55.184666666666665,22.14863888888889
9,Ivangėnai I,Tauragės r.,55.42205555555555,22.60438888888889
10,Buožėnai,Telšių r.,56.03113888888889,22.163416666666667
11,Didieji Burbiškiai,Telšių r.,55.76425,22.501527777777778
12,Džiuginėnai,Telšių r.,55.983333333333334,22.18425
13,Getautė,Telšių r.,55.90461111111111,22.31722222222222
14,Girgždūtė,Telšių r.,55.69166666666666,22.482305555555556
15,Kalnėnai,Telšių r.,55.99122222222222,22.22786111111111
16,Lauko Soda,Telšių r.,55.89991666666667,22.248972222222225
17,Miksodis,Telšių r.,55.79252777777778,22.49913888888889
18,Pagirgždūtis,Telšių r.,55.70988888888889,22.497500000000002
19,Paplienija,Telšių r.,55.83775,22.179333333333336
20,Sėbai,Telšių r.,55.84547222222223,22.380805555555558
21,Skurvydiškė,Telšių r.,56.00947222222222,22.27572222222222
22,Šatrija,Telšių r.,55.87258333333333,22.55825
23,Šaukštelis,Telšių r.,55.78422222222222,22.485861111111113
24,Vembūtai,Telšių r.,55.72638888888889,22.28352777777778
25,Aukštadvaris,Trakų r.,54.57313888888889,24.519416666666665
26,Bagdononys,Trakų r.,54.63913888888889,24.700694444444444
27,Bražuolė,Trakų r.,54.68044444444444,24.892777777777777
28,Daniliškės,Trakų r.,54.67361111111111,24.81897222222222
29,Lavariškės,Trakų r.,54.582527777777784,24.484416666666668
30,Mirgeliai,Trakų r.,54.51877777777778,24.563305555555555
31,Naujasodis,Trakų r.,54.58522222222223,24.56363888888889
32,Pamiškė,Trakų r.,54.62605555555555,24.511666666666667
33,Senieji Trakai,Trakų r.,54.60502777777778,24.9845
34,Stirniai,Trakų r.,54.71913888888889,25.04663888888889
35,Strėva,Trakų r.,54.594638888888895,24.7035
36,Trakai,Trakų r.,54.64666666666667,24.93788888888889
37,Varnikai,Trakų r.,54.64986111111111,24.94713888888889
38,Žuklijai I,Trakų r.,54.50994444444444,24.68261111111111
39,Žuklijai II,Trakų r.,54.510555555555555,24.680777777777777
40,Antatilčiai I,Ukmergės r.,55.27858333333333,24.986555555555558
41,Antatilčiai II,Ukmergės r.,55.28183333333333,24.958305555555555
42,Bartkūnai,Ukmergės r.,55.13169444444444,24.85002777777778
43,Berzgainiai,Ukmergės r.,55.266083333333334,25.05688888888889
44,Daubariškiai,Ukmergės r.,55.23152777777778,25.15994444444444
45,Juodausiai,Ukmergės r.,55.25761111111111,24.83361111111111
46,Laičiai,Ukmergės r.,55.29736111111111,24.677333333333333
47,Lokinė,Ukmergės r.,55.31627777777778,24.540444444444447
48,Parija,Ukmergės r.,55.14683333333333,24.87836111111111
49,Paželviai,Ukmergės r.,55.230111111111114,25.115555555555556
50,Pilionys,Ukmergės r.,55.206500000000005,25.049666666666667
51,Saliečiai,Ukmergės r.,55.284166666666664,24.65997222222222
52,Sližiai,Ukmergės r.,55.09975,24.586777777777776
53,Sukiniai,Ukmergės r.,55.150277777777774,24.63775
54,Šinkūnai,Ukmergės r.,55.29561111111111,24.578583333333334
55,Ukmergė,Ukmergės r.,55.249611111111115,24.768555555555555
56,Vaitkuškis,Ukmergės r.,55.20525,24.786722222222224
57,Zujai,Ukmergės r.,55.29238888888889,24.848666666666666
58,Aknystėlės,Utenos r.,55.518166666666666,25.427472222222224
59,Andreikėnai,Utenos r.,55.39241666666667,25.598416666666665
60,Antabaltė,Utenos r.,55.50091666666667,25.914583333333333
61,Antalgė,Utenos r.,55.48286111111111,25.49613888888889
62,Antilgė,Utenos r.,55.52722222222222,25.890638888888887
63,Armališkės,Utenos r.,55.66319444444444,25.718166666666665
64,Bajoriškiai,Utenos r.,55.58225,25.80438888888889
65,Baltakarčiai,Utenos r.,55.578944444444446,25.623333333333335
66,Bikūnai I,Utenos r.,55.64783333333333,25.754166666666666
67,Bikūnai II,Utenos r.,55.66833333333333,25.741611111111112
68,Brinkliškės,Utenos r.,55.5265,25.93252777777778
69,Daugailiai I,Utenos r.,55.590722222222226,25.837166666666665
70,Daugailiai II,Utenos r.,55.58075,25.843416666666666
71,Degėsiai,Utenos r.,55.66361111111111,25.638805555555557
72,Dryžiai,Utenos r.,55.36125,25.790944444444445
73,Gaigaliai,Utenos r.,55.61075,25.58825
74,Gailiešionys,Utenos r.,55.664,25.658583333333333
75,Gaižiūnai,Utenos r.,55.01511111111111,25.547055555555556
76,Garniai I,Utenos r.,55.569472222222224,25.873305555555557
77,Garniai II,Utenos r.,55.564,25.841083333333334
78,Gateliai,Utenos r.,55.55255555555555,25.94902777777778
79,Gimžiškiai,Utenos r.,55.44158333333333,25.629305555555558
80,Jaurelis,Utenos r.,55.52247222222222,25.696555555555555
81,Jonauka,Utenos r.,55.497194444444446,25.875722222222223
82,Kačiūnai,Utenos r.,55.436416666666666,25.708972222222222
83,Kalviai,Utenos r.,55.49625,25.809722222222224
84,Kamša,Utenos r.,55.41913888888889,25.819027777777777
85,Klykiai,Utenos r.,55.48102777777778,25.770722222222222
86,Kubiliai,Utenos r.,55.54247222222222,25.83797222222222
87,Kuktiškės,Utenos r.,55.40036111111111,25.66727777777778
88,Lygamiškis,Utenos r.,55.63122222222222,25.565944444444444
89,Likančiai,Utenos r.,55.69694444444444,25.702916666666667
90,Maneičiai,Utenos r.,55.5985,25.708583333333333
91,Narkūnai,Utenos r.,55.47336111111111,25.55088888888889
92,Nemeikščiai,Utenos r.,55.46925,25.628833333333333
93,Nolėnai,Utenos r.,55.55716666666667,25.599083333333333
94,Noliškis,Utenos r.,55.54336111111111,25.776527777777776
95,Nuodėguliai,Utenos r.,55.567,25.749472222222224
96,Pakalniai,Utenos r.,55.43888888888888,25.458555555555556
97,Papirčiai,Utenos r.,55.41341666666666,25.809694444444446
98,Rukliai,Utenos r.,55.58877777777778,25.73588888888889
99,Rukšėnai,Utenos r.,55.516194444444444,25.8385
0,Sėla,Utenos r.,55.42630555555555,25.905749999999998
1,Spitrėnai,Utenos r.,55.52027777777778,25.777583333333332
2,Staniuliškės,Utenos r.,55.363083333333336,25.930583333333335
3,Sūngailiškis,Utenos r.,55.49236111111111,25.459416666666666
4,Šeimatis,Utenos r.,55.46366666666667,25.949638888888888
5,Šeimyniškiai,Utenos r.,55.658944444444444,25.625027777777778
6,Šiaudiniai,Utenos r.,55.55416666666667,25.476277777777778
7,Šikšniai,Utenos r.,55.63238888888889,25.741194444444446
8,Tauragnai,Utenos r.,55.43919444444444,25.83061111111111
9,Taurapilis,Utenos r.,55.448166666666665,25.869666666666667
10,Ūdriškės,Utenos r.,55.48405555555556,25.890055555555556
11,Užpaliai,Utenos r.,55.62991666666667,25.60611111111111
12,Vaikutėnai,Utenos r.,55.53663888888889,25.697194444444445
13,Vitkūnai,Utenos r.,55.400527777777775,25.444166666666668
14,Vosgėliai,Utenos r.,55.45675,25.517833333333332
15,Žaibiškės,Utenos r.,55.683611111111105,25.653055555555554
16,Barčiai,Varėnos r.,54.16894444444444,24.692694444444445
17,Dubičiai,Varėnos r.,54.01533333333333,24.740722222222225
18,Dvarčiai,Varėnos r.,54.257694444444446,24.388916666666667
19,Girežeris,Varėnos r.,54.22505555555556,24.562166666666666
20,Kaniavėlė,Varėnos r.,54.13863888888889,24.741972222222223
21,Krūminiai,Varėnos r.,54.291777777777774,24.8315
22,Liškiava,Varėnos r.,54.08066666666667,24.04416666666667
23,Merkinė,Varėnos r.,54.158055555555556,5.4030555555555555
24,Mikniūnai,Varėnos r.,54.25566666666667,24.278944444444445
25,Radyščius,Varėnos r.,54.13019444444444,24.033166666666666
26,Voniškės,Varėnos r.,54.39383333333333,24.588833333333334
27,Dabravolė,Vilkaviškio r.,54.47947222222223,22.783361111111113
28,Kaupiškiai,Vilkaviškio r.,54.541333333333334,22.70175
29,Kudirkos Naumiestis,Vilkaviškio r.,54.76705555555556,22.840194444444442
30,Kunigiškiai,Vilkaviškio r.,54.52319444444444,22.837
31,Misviečiai,Vilkaviškio r.,54.60827777777778,22.936777777777777
32,Pavištytis I,Vilkaviškio r.,54.41511111111111,22.78088888888889
33,Pavištytis II,Vilkaviškio r.,54.40508333333333,22.783416666666668
34,Piliakalniai,Vilkaviškio r.,54.465694444444445,23.047694444444446
35,Piliūnai,Vilkaviškio r.,54.70258333333334,23.255944444444445
36,Pilviškiai,Vilkaviškio r.,54.72863888888889,23.216694444444443
37,Ragaišiai,Vilkaviškio r.,54.56677777777778,22.81763888888889
38,Rementiškiai,Vilkaviškio r.,54.74905555555556,23.008027777777777
39,Šakiai,Vilkaviškio r.,54.55058333333333,22.808777777777777
40,Šukiai,Vilkaviškio r.,54.599000000000004,22.92777777777778
41,Virbalis,Vilkaviškio r.,54.60630555555556,22.805416666666666
42,Vištyčio Laukas II,Vilkaviškio r.,54.44466666666666,22.77561111111111
43,Gudeliai,Vilniaus m.,54.68933333333333,25.18888888888889
44,Neravai,Vilniaus m.,54.67736111111111,25.130805555555558
45,Pūčkoriai,Vilniaus m.,54.68922222222222,25.36947222222222
46,Rokantiškės,Vilniaus m.,54.68483333333333,25.40597222222222
47,Staviškės,Vilniaus m.,54.76144444444444,25.346666666666664
48,Vilnius,Vilniaus m.,54.688222222222215,25.288333333333334
49,Vilnius IV,Vilniaus m.,54.684777777777775,25.303
50,Avižieniai,Vilniaus r.,54.76186111111111,25.172555555555558
51,Bernotai,Vilniaus r.,54.90933333333333,25.32272222222222
52,Bielazariškės,Vilniaus r.,54.824333333333335,24.901083333333332
53,Bradeliškės,Vilniaus r.,54.82469444444445,24.943083333333334
54,Danilava,Vilniaus r.,54.98897222222222,25.55838888888889
55,Didžioji Kuosinė,Vilniaus r.,54.58719444444445,25.64611111111111
56,Elniakampis,Vilniaus r.,54.78275,24.99038888888889
57,Gaukeliškės,Vilniaus r.,55.01511111111111,25.387694444444445
58,Karmazinai,Vilniaus r.,54.81927777777778,24.93113888888889
59,Lavoriškės,Vilniaus r.,54.70861111111111,25.639444444444443
60,Leoniškės,Vilniaus r.,54.614805555555556,25.645944444444442
61,Maišiagala,Vilniaus r.,54.866305555555556,25.06361111111111
62,Mažoji Riešė,Vilniaus r.,54.808305555555556,25.202027777777776
63,Mūrininkai,Vilniaus r.,54.589305555555555,25.552722222222222
64,Naujoji Rėva,Vilniaus r.,54.739666666666665,25.02275
65,Nemenčinė,Vilniaus r.,54.86063888888889,25.47347222222222
66,Papiškės,Vilniaus r.,54.59758333333333,25.394277777777777
67,Rėva,Vilniaus r.,54.882333333333335,25.617416666666667
68,Sužionys,Vilniaus r.,54.99197222222222,25.496694444444444
69,Uosininkai III,Vilniaus r.,54.70794444444445,25.594027777777775
70,Veršiobalis,Vilniaus r.,54.86325,25.00263888888889
71,Vilkeliškės,Vilniaus r.,54.700361111111114,25.15747222222222
72,Antaniškės,Zarasų r.,55.79175,26.103805555555557
73,Antažiegė,Zarasų r.,55.74308333333333,25.787805555555558
74,Asavytai,Zarasų r.,55.69905555555555,26.143416666666667
75,Aviliai,Zarasų r.,55.749027777777776,26.12
76,Avižiai,Zarasų r.,55.7145,25.76947222222222
77,Betiškės,Zarasų r.,55.739805555555556,25.957638888888887
78,Bielkaučizna,Zarasų r.,55.67166666666667,26.209694444444445
79,Degučiai,Zarasų r.,55.650166666666664,26.05011111111111
80,Galminiai,Zarasų r.,55.62580555555556,26.005194444444445
81,Gasiai,Zarasų r.,55.71716666666667,25.875888888888888
82,Golubiškės,Zarasų r.,55.76916666666666,26.078055555555554
83,Gugiai,Zarasų r.,55.71486111111111,25.89413888888889
84,Gutaučiai,Zarasų r.,55.6335,25.802194444444446
85,Ivoniškės,Zarasų r.,55.823055555555555,25.93627777777778
86,Jakiškiai,Zarasų r.,55.569972222222226,26.192527777777777
87,Jatkūniškės,Zarasų r.,55.735,25.96538888888889
88,Jurkakalnis,Zarasų r.,55.67341666666666,26.406388888888888
89,Kiemionys,Zarasų r.,55.59016666666667,26.04463888888889
90,Kukliai,Zarasų r.,55.78852777777777,26.0675
91,Liaudiškiai,Zarasų r.,55.76133333333333,26.277166666666666
92,Lūžai,Zarasų r.,55.64725,25.863944444444446
93,Maniuliškės,Zarasų r.,55.85838888888889,25.98725
94,Marciūniškės,Zarasų r.,55.76386111111111,25.90983333333333
95,Mineikiškės,Zarasų r.,55.78355555555555,26.1245
96,Morkūnai,Zarasų r.,55.75322222222222,25.89463888888889
97,Narkyčiai,Zarasų r.,55.72558333333333,25.96688888888889
98,Pakačinės,Zarasų r.,55.81341666666666,25.885194444444444
99,Pakalniškiai,Zarasų r.,55.67361111111111,26.33336111111111
0,Petraučizna,Zarasų r.,55.78216666666667,25.997083333333336
1,Salakas,Zarasų r.,55.570861111111114,26.125666666666667
2,Skineikiai,Zarasų r.,55.71366666666667,25.865333333333336
3,Suviekas,Zarasų r.,55.83952777777778,26.10438888888889
4,Sviliškės,Zarasų r.,55.83536111111111,25.98222222222222
5,Šišponiškės,Zarasų r.,55.770583333333335,25.96183333333333
6,Šiukščiai,Zarasų r.,55.64011111111111,26.018638888888887
7,Ūžėniškės,Zarasų r.,55.577000000000005,25.9895
8,Varniškės,Zarasų r.,55.75044444444445,25.962444444444444
9,Velikuškės I,Zarasų r.,55.83361111111111,25.847527777777778
10,Velikuškės II,Zarasų r.,55.827194444444444,25.868055555555557
11,Vencavai,Zarasų r.,55.68647222222222,25.981944444444444
12,Verslava,Zarasų r.,55.64480555555556,25.889805555555554
13,Vitkūnai,Zarasų r.,55.62661111111111,26.37236111111111
14,Vosgėliai,Zarasų r.,55.72069444444445,25.748555555555555
15,Zabičiūnai,Zarasų r.,55.66155555555555,25.802472222222224
16,Zokoriai,Zarasų r.,55.640388888888886,25.959305555555556
17,Obelytė,Alytaus r.,54.352361111111115,23.782527777777776
18,Vaškonys,Ignalinos r.,55.543305555555555,26.351222222222223
19,Purmaliai,Klaipėdos m.,55.77072222222222,21.137999999999998
20,Žardė,Klaipėdos m.,55.652388888888886,21.207416666666667
21,Lokėnėliai,Jonavos r.,55.09480555555556,24.330916666666667
22,Veliuona,Jurbarko r.,55.07769444444445,23.279416666666666
23,Daubariai II,Mažeikių r.,56.289,22.303416666666667
24,Palanga,Palangos m.,55.90569444444444,21.05291666666667
25,Gegrėnai II,Plungės r.,56.087361111111115,21.933333333333334
26,Nausodis II,Plungės r.,55.94522222222222,21.77436111111111
27,Plungė,Plungės r.,55.91652777777777,21.82922222222222
28,Noreikiškės II,Prienų r.,54.63858333333333,24.34336111111111
29,Dirdai,Rokiškio r.,55.90680555555556,25.951694444444446
30,Burgaičiai II,Šakių r.,55.049194444444446,22.637249999999998
31,Grinaičiai II,Šakių r.,55.0469,22.646702777777776
32,Burbiškiai II,Šilalės r.,55.650555555555556,22.28175
33,Kalniškiai,Tauragės r.,55.44636111111111,22.60275
34,Kernavė II,Širvintų r.,54.88323611111111,24.852411111111113
35,Kernavė III,Širvintų r.,54.88195833333334,24.85278888888889
36,Kernavė IV,Širvintų r.,54.883719444444445,24.850191666666667
37,Ivangėnai II,Tauragės r.,55.420944444444444,22.605861111111114
38,Juškaičiai,Tauragės r.,55.42586111111111,22.48541666666667
39,Kiukiškiai,Tauragės r.,55.22927777777778,22.490694444444447
40,Matiškiai,Tauragės r.,55.325833333333335,22.239416666666667
41,Naujininkai,Tauragės r.,55.36183333333334,22.221944444444443
42,Nosaičiai,Tauragės r.,55.406749999999995,22.598916666666664
43,Pagramantis,Tauragės r.,55.369083333333336,22.235222222222223
44,Biržuvėnai,Telšių r.,55.89077777777778,22.460638888888887
45,Buišai,Telšių r.,55.993500000000004,22.538611111111113
46,Vilnius I,Vilniaus m.,54.68708333333333,25.297583333333336
47,Vilnius II,Vilniaus m.,54.687194444444444,25.301305555555555
48,Vilnius III,Vilniaus m.,54.68611111111111,25.3
49,Buivydai,Vilniaus r.,54.82255555555556,24.940166666666666
50,Gedminiškė II,Šilalės r.,55.55572222222222,22.430611111111112
51,Gūvainiai,Šilalės r.,55.49922222222222,22.049444444444447
52,Leviškiai,Šilalės r.,55.517944444444446,22.151055555555555
53,Vėderiniai,Ignalinos r.,55.54311111111111,26.388749999999998
54,Petriškė,Visagino sav.,55.607930555555555,26.537550000000003
